mouse,mut,wt
1,0,8836.69436522542|32.0774547651478
2,0,10208.004116964|29.5411720964847
3,0,9706.33388260266|30.3037058667961
4,7245.83543660062|25.4901448180766,0
5,6266.54392604531|29.66711057934,0
6,0,9050.10197108207|31.8486688208751
7,0,11694.1381647023|30.3896014723339
8,0,10199.903247548|29.866167355093
9,0,8830.18783477961|33.9305518470551
10,6507.92634794584|25.6496255463525,0
11,0,11227.9677682883|28.5420238960389
12,9061.82448463527|23.9744353355373,0
13,0,10153.1275387757|34.3928046991904
14,8267.98057814521|26.9716987549948,0
15,8914.57844622162|23.1794198198434,0
16,0,9319.59367744282|35.0505635409604
17,0,8519.19768688181|25.2678279806016
18,0,10713.5559450564|30.0188353028372
19,0,10301.8362042466|29.0785115699807
20,8620.3464276158|23.2774308503046,0
21,8312.89525873374|20.924461197097,0
22,0,10912.2248312629|30.8881823893598
23,0,8857.65027447919|31.7858587172569
24,0,7480.48712668151|37.2176941092489
25,7014.98338766201|27.9976256558802,0
26,8022.97950541257|22.4050363760631,0
27,0,9520.91544127421|29.1744392064302
28,9010.7301684608|24.0722732100211,0
29,6924.00995969278|18.8152557751963,0
30,9541.39039219744|26.4660892811167,0
